{
  "eslint.config.mjs": 1776482285.9785097,
  "next-env.d.ts": 1776484412.026682,
  "next.config.ts": 1776482286.269423,
  "postcss.config.mjs": 1776482286.0915377,
  "prisma.config.ts": 1776482904.9094586,
  "sanity.config.ts": 1776483296.0529659,
  "src\\app\\layout.tsx": 1776485547.6485276,
  "src\\app\\page.tsx": 1776484951.9001858,
  "src\\app\\api\\auth\\[...nextauth]\\route.ts": 1776485443.4092467,
  "src\\app\\api\\progress\\route.ts": 1776485562.3916068,
  "src\\app\\chapters\\[slug]\\page.tsx": 1776485693.6297529,
  "src\\app\\modules\\[id]\\page.tsx": 1776484951.9001858,
  "src\\app\\studio\\[[...index]]\\page.tsx": 1776483351.6752987,
  "src\\components\\AuthContext.tsx": 1776485460.6932533,
  "src\\data\\sample-content.ts": 1776483410.7000904,
  "src\\lib\\prisma.ts": 1776482967.6784241,
  "src\\lib\\sanity.ts": 1776482963.0638168,
  "src\\sanity\\schemaTypes\\chapter.ts": 1776483288.2308602,
  "src\\sanity\\schemaTypes\\index.ts": 1776483292.1174386,
  "src\\sanity\\schemaTypes\\module.ts": 1776483228.1371367,
  "src\\types\\index.ts": 1776482973.6248026,
  "AGENTS.md": 1776482463.8354506,
  "CLAUDE.md": 1776482463.8372033,
  "GEMINI.md": 1776503319.1326401,
  "README.md": 1776482285.8448062,
  "public\\file.svg": 1776482286.114978,
  "public\\globe.svg": 1776482286.13958,
  "public\\next.svg": 1776482286.1729321,
  "public\\vercel.svg": 1776482286.1956842,
  "public\\window.svg": 1776482286.2171881
}